item_code,set
139,0
160,0
199,3
237,0
238,0
253,3
272,3
273,0
279,3
281,4
289,1
302,4
322,3
322,4
326,3
1448,0
1448,9
1448,11
1485,0
1485,9
1486,3
1486,9
1486,11
1969,0
1969,9
1970,0
1970,9
1971,0
1971,9
2049,0
2049,9
2579,0
2579,9
2579,3
2579,11
2689,1
2689,10
2690,1
2690,10
2870,10
2871,10
4810,2
5007,6
5010,6
5011,6
5018,6
5019,6
5020,6
5021,6