item_code,plant
139,16
139,84
160,16
160,84
199,16
237,16
238,16
253,16
272,16
272,84
273,16
279,53
281,53
289,53
302,53
322,53
322,16
326,16
1448,16
1448,84
1485,16
1486,16
1486,84
1969,16
1970,16
1971,16
2049,16
2579,16
2579,84
2689,53
2690,53
2870,53
2871,53
4810,42
4810,131
5007,69
5010,69
5011,69
5018,69
5019,69
5020,69
5021,69